{
  "dump": "revision_runs\\runC_gap.jsonl",
  "mode": "gap",
  "n_cases": 100,
  "median_rt": 49.21,
  "s100_actual_from_log": null,
  "replay_mismatches": 0,
  "max_cost_check_delta": 0.0014153676714245833,
  "s100": {
    "raw": 1.425507269208533,
    "gap_030": 1.4022798315656875,
    "oracle": 1.402278335230317
  },
  "s15": {
    "raw": 1.4039724455013338,
    "gap_030": 1.3748449744357873,
    "oracle": 1.3748429238756306
  },
  "wilcoxon": {
    "stat": 31.0,
    "p": 2.1600499167107046e-09,
    "n_nonzero": 41
  },
  "bootstrap_delta_s100": {
    "mean": 0.03188643351000034,
    "ci95": [
      6.517574319178654e-05,
      0.1331728313075104
    ]
  },
  "calibration": {
    "rho_raw_dit": {
      "n": 1626,
      "mean": 1.0680516044547328,
      "std": 0.10759989949871926,
      "min": 0.7756170674942823,
      "q25": 0.981914499458072,
      "median": 1.063720826303225,
      "q75": 1.1501407216899278,
      "max": 1.440851440313723
    },
    "rho_raw_classical": {
      "n": 3192,
      "mean": 0.9581109097904037,
      "std": 0.07611247683502229,
      "min": 0.5875602887940096,
      "q25": 0.9142029565170078,
      "median": 0.9561788159697747,
      "q75": 1.001834058509498,
      "max": 1.6128034326909029
    },
    "rho_gap_dit": {
      "n": 1626,
      "mean": 1.0124237780190393,
      "std": 0.023501587657284016,
      "min": 0.8369889400816201,
      "q25": 1.0017165047995562,
      "median": 1.0127414337289862,
      "q75": 1.025683798111436,
      "max": 1.1126628615735323
    },
    "rho_gap_classical": {
      "n": 3192,
      "mean": 0.99260607169369,
      "std": 0.02159035853655367,
      "min": 0.8625907634960858,
      "q25": 0.9839019199580377,
      "median": 0.9968160946189224,
      "q75": 1.0056193223504715,
      "max": 1.0927741143385032
    }
  },
  "tau": {
    "raw": {
      "n": 100,
      "mean": 0.7631687152583378,
      "std": 0.09628236445167376,
      "min": 0.4814174589455487,
      "q25": 0.7048702972901869,
      "median": 0.7688445222805993,
      "q75": 0.828683997689197,
      "max": 0.9654676258992805
    },
    "gap": {
      "n": 100,
      "mean": 0.9356717866368406,
      "std": 0.03767166825367426,
      "min": 0.8222222222222223,
      "q25": 0.9141149727537701,
      "median": 0.9419062140858924,
      "q75": 0.9608743684188416,
      "max": 1.0
    },
    "top1_raw": 0.53,
    "top1_gap": 0.86
  },
  "epsilon": {
    "eps_h": {
      "n": 100,
      "mean": 1.2901939375308737,
      "std": 0.37258270724591036,
      "min": 0.4558081244359844,
      "q25": 1.0045206358754675,
      "median": 1.2800902789557889,
      "q75": 1.515166605575357,
      "max": 2.365089012436533
    },
    "eps_a": {
      "n": 100,
      "mean": 0.6344039755821806,
      "std": 0.2349150459010552,
      "min": 0.2823031864078487,
      "q25": 0.42542019326070124,
      "median": 0.5965788019745695,
      "q75": 0.8376722032864335,
      "max": 1.1669367604316925
    }
  },
  "sweep": [
    {
      "p": 0.0,
      "s100": 1.4022783360429487,
      "s15": 1.3748429238769733
    },
    {
      "p": 0.025,
      "s100": 1.4022783360429487,
      "s15": 1.3748429238769733
    },
    {
      "p": 0.05,
      "s100": 1.4022783360429487,
      "s15": 1.3748429238769733
    },
    {
      "p": 0.075,
      "s100": 1.4022783360429487,
      "s15": 1.3748429238769733
    },
    {
      "p": 0.1,
      "s100": 1.4022798315656875,
      "s15": 1.3748449744357873
    },
    {
      "p": 0.125,
      "s100": 1.4022798315656875,
      "s15": 1.3748449744357873
    },
    {
      "p": 0.15,
      "s100": 1.4022798315656875,
      "s15": 1.3748449744357873
    },
    {
      "p": 0.175,
      "s100": 1.4022798315656875,
      "s15": 1.3748449744357873
    },
    {
      "p": 0.2,
      "s100": 1.4022798315656875,
      "s15": 1.3748449744357873
    },
    {
      "p": 0.225,
      "s100": 1.4022798315656875,
      "s15": 1.3748449744357873
    },
    {
      "p": 0.25,
      "s100": 1.4022798315656875,
      "s15": 1.3748449744357873
    },
    {
      "p": 0.275,
      "s100": 1.4022798315656875,
      "s15": 1.3748449744357873
    },
    {
      "p": 0.3,
      "s100": 1.4022798315656875,
      "s15": 1.3748449744357873
    },
    {
      "p": 0.325,
      "s100": 1.4022798315656875,
      "s15": 1.3748449744357873
    },
    {
      "p": 0.35,
      "s100": 1.4022798315656875,
      "s15": 1.3748449744357873
    },
    {
      "p": 0.375,
      "s100": 1.4022798315656875,
      "s15": 1.3748449744357873
    },
    {
      "p": 0.4,
      "s100": 1.4022798315656875,
      "s15": 1.3748449744357873
    },
    {
      "p": 0.425,
      "s100": 1.4022798315656875,
      "s15": 1.3748449744357873
    },
    {
      "p": 0.45,
      "s100": 1.4022798315656875,
      "s15": 1.3748449744357873
    },
    {
      "p": 0.475,
      "s100": 1.4022798315656875,
      "s15": 1.3748449744357873
    },
    {
      "p": 0.5,
      "s100": 1.4022798315656875,
      "s15": 1.3748449744357873
    },
    {
      "p": 0.525,
      "s100": 1.4022798315656875,
      "s15": 1.3748449744357873
    },
    {
      "p": 0.55,
      "s100": 1.4022798315656875,
      "s15": 1.3748449744357873
    },
    {
      "p": 0.575,
      "s100": 1.4022798315656875,
      "s15": 1.3748449744357873
    },
    {
      "p": 0.6,
      "s100": 1.4022798315656875,
      "s15": 1.3748449744357873
    },
    {
      "p": 0.625,
      "s100": 1.4022798315656875,
      "s15": 1.3748449744357873
    },
    {
      "p": 0.65,
      "s100": 1.4022798315656875,
      "s15": 1.3748449744357873
    },
    {
      "p": 0.675,
      "s100": 1.4022798315656875,
      "s15": 1.3748449744357873
    },
    {
      "p": 0.7,
      "s100": 1.4022798315656875,
      "s15": 1.3748449744357873
    },
    {
      "p": 0.725,
      "s100": 1.4022798315656875,
      "s15": 1.3748449744357873
    },
    {
      "p": 0.75,
      "s100": 1.4022798315656875,
      "s15": 1.3748449744357873
    },
    {
      "p": 0.775,
      "s100": 1.4022798315656875,
      "s15": 1.3748449744357873
    },
    {
      "p": 0.8,
      "s100": 1.4022798315656875,
      "s15": 1.3748449744357873
    },
    {
      "p": 0.825,
      "s100": 1.4022798315656875,
      "s15": 1.3748449744357873
    },
    {
      "p": 0.85,
      "s100": 1.4022798315656875,
      "s15": 1.3748449744357873
    },
    {
      "p": 0.875,
      "s100": 1.4022798315656875,
      "s15": 1.3748449744357873
    },
    {
      "p": 0.9,
      "s100": 1.4022798315656875,
      "s15": 1.3748449744357873
    },
    {
      "p": 0.925,
      "s100": 1.4022798315656875,
      "s15": 1.3748449744357873
    },
    {
      "p": 0.95,
      "s100": 1.4022798315656875,
      "s15": 1.3748449744357873
    },
    {
      "p": 0.975,
      "s100": 1.4022798315647083,
      "s15": 1.3748449744344446
    },
    {
      "p": 1.0,
      "s100": 1.4022798315656875,
      "s15": 1.3748449744357873
    }
  ]
}