{
  "dump": "revision_runs\\runB_gap.jsonl",
  "mode": "gap",
  "n_cases": 100,
  "median_rt": 48.65,
  "s100_actual_from_log": null,
  "replay_mismatches": 0,
  "max_cost_check_delta": 0.0013611478580672909,
  "s100": {
    "raw": 1.4255072692085353,
    "gap_030": 1.4022798315656897,
    "oracle": 1.4022783352303192
  },
  "s15": {
    "raw": 1.4039724455013338,
    "gap_030": 1.3748449744357873,
    "oracle": 1.3748429238756306
  },
  "wilcoxon": {
    "stat": 29.0,
    "p": 7.908056431915611e-10,
    "n_nonzero": 42
  },
  "bootstrap_delta_s100": {
    "mean": 0.03188643351000049,
    "ci95": [
      6.517574319178654e-05,
      0.1331728313075104
    ]
  },
  "calibration": {
    "rho_raw_dit": {
      "n": 1622,
      "mean": 1.0691833548108114,
      "std": 0.10847153999392775,
      "min": 0.7983318408715263,
      "q25": 0.9849826401036836,
      "median": 1.0600467629730776,
      "q75": 1.1511844660667903,
      "max": 1.5398658253596935
    },
    "rho_raw_classical": {
      "n": 3196,
      "mean": 0.9583568723132861,
      "std": 0.07771524747462266,
      "min": 0.5828472219815005,
      "q25": 0.9146820073081641,
      "median": 0.9566964002955058,
      "q75": 1.001555832131172,
      "max": 1.607993573167841
    },
    "rho_gap_dit": {
      "n": 1622,
      "mean": 1.0127773941063751,
      "std": 0.02244636435132625,
      "min": 0.8970598514019074,
      "q25": 1.0012780449170327,
      "median": 1.0117987135735347,
      "q75": 1.0255699483802174,
      "max": 1.1071003163066997
    },
    "rho_gap_classical": {
      "n": 3196,
      "mean": 0.9925093418888501,
      "std": 0.02157449732980425,
      "min": 0.8609529717919278,
      "q25": 0.9841338848953518,
      "median": 0.996701586020857,
      "q75": 1.0051549327384923,
      "max": 1.093719576395597
    }
  },
  "tau": {
    "raw": {
      "n": 100,
      "mean": 0.7711575868715994,
      "std": 0.09770240371725103,
      "min": 0.5401901469317199,
      "q25": 0.7097467729179218,
      "median": 0.7758653086262828,
      "q75": 0.8380239036179259,
      "max": 0.9755011135857461
    },
    "gap": {
      "n": 100,
      "mean": 0.9375679287937767,
      "std": 0.04215631372593759,
      "min": 0.768888888888889,
      "q25": 0.9158457426498664,
      "median": 0.9449766332856462,
      "q75": 0.9680844327176781,
      "max": 1.0
    },
    "top1_raw": 0.53,
    "top1_gap": 0.87
  },
  "epsilon": {
    "eps_h": {
      "n": 100,
      "mean": 1.2868908761560467,
      "std": 0.3680929792472225,
      "min": 0.4558081244359844,
      "q25": 0.9986502506127809,
      "median": 1.2865177901104998,
      "q75": 1.5233457987509675,
      "max": 2.2089424072188963
    },
    "eps_a": {
      "n": 100,
      "mean": 0.6307898969146086,
      "std": 0.22609524493922967,
      "min": 0.31077435933126907,
      "q25": 0.4406464747599726,
      "median": 0.5861979116665407,
      "q75": 0.8329040594062143,
      "max": 1.1669367604316925
    }
  },
  "sweep": [
    {
      "p": 0.0,
      "s100": 1.402278336042951,
      "s15": 1.3748429238769733
    },
    {
      "p": 0.025,
      "s100": 1.402278336042951,
      "s15": 1.3748429238769733
    },
    {
      "p": 0.05,
      "s100": 1.402278336042951,
      "s15": 1.3748429238769733
    },
    {
      "p": 0.075,
      "s100": 1.402278336042951,
      "s15": 1.3748429238769733
    },
    {
      "p": 0.1,
      "s100": 1.4022798315656897,
      "s15": 1.3748449744357873
    },
    {
      "p": 0.125,
      "s100": 1.4022798315656897,
      "s15": 1.3748449744357873
    },
    {
      "p": 0.15,
      "s100": 1.4022798315656897,
      "s15": 1.3748449744357873
    },
    {
      "p": 0.175,
      "s100": 1.4022798315656897,
      "s15": 1.3748449744357873
    },
    {
      "p": 0.2,
      "s100": 1.4022798315656897,
      "s15": 1.3748449744357873
    },
    {
      "p": 0.225,
      "s100": 1.4022798315656897,
      "s15": 1.3748449744357873
    },
    {
      "p": 0.25,
      "s100": 1.4022798315656897,
      "s15": 1.3748449744357873
    },
    {
      "p": 0.275,
      "s100": 1.4022798315656897,
      "s15": 1.3748449744357873
    },
    {
      "p": 0.3,
      "s100": 1.4022798315656897,
      "s15": 1.3748449744357873
    },
    {
      "p": 0.325,
      "s100": 1.4022798315656897,
      "s15": 1.3748449744357873
    },
    {
      "p": 0.35,
      "s100": 1.4022798315656897,
      "s15": 1.3748449744357873
    },
    {
      "p": 0.375,
      "s100": 1.4022798315656897,
      "s15": 1.3748449744357873
    },
    {
      "p": 0.4,
      "s100": 1.4022798315656897,
      "s15": 1.3748449744357873
    },
    {
      "p": 0.425,
      "s100": 1.4022798315656897,
      "s15": 1.3748449744357873
    },
    {
      "p": 0.45,
      "s100": 1.4022798315656897,
      "s15": 1.3748449744357873
    },
    {
      "p": 0.475,
      "s100": 1.4022798315656897,
      "s15": 1.3748449744357873
    },
    {
      "p": 0.5,
      "s100": 1.4022798315656897,
      "s15": 1.3748449744357873
    },
    {
      "p": 0.525,
      "s100": 1.4022798315656897,
      "s15": 1.3748449744357873
    },
    {
      "p": 0.55,
      "s100": 1.4022798315656897,
      "s15": 1.3748449744357873
    },
    {
      "p": 0.575,
      "s100": 1.4022798315656897,
      "s15": 1.3748449744357873
    },
    {
      "p": 0.6,
      "s100": 1.4022798315656897,
      "s15": 1.3748449744357873
    },
    {
      "p": 0.625,
      "s100": 1.4022798315656897,
      "s15": 1.3748449744357873
    },
    {
      "p": 0.65,
      "s100": 1.4022798315656897,
      "s15": 1.3748449744357873
    },
    {
      "p": 0.675,
      "s100": 1.4022798315656897,
      "s15": 1.3748449744357873
    },
    {
      "p": 0.7,
      "s100": 1.4022798315656897,
      "s15": 1.3748449744357873
    },
    {
      "p": 0.725,
      "s100": 1.4022798315656897,
      "s15": 1.3748449744357873
    },
    {
      "p": 0.75,
      "s100": 1.4022798315656897,
      "s15": 1.3748449744357873
    },
    {
      "p": 0.775,
      "s100": 1.4022798315656897,
      "s15": 1.3748449744357873
    },
    {
      "p": 0.8,
      "s100": 1.4022798315656897,
      "s15": 1.3748449744357873
    },
    {
      "p": 0.825,
      "s100": 1.4022798315656897,
      "s15": 1.3748449744357873
    },
    {
      "p": 0.85,
      "s100": 1.4022798315656897,
      "s15": 1.3748449744357873
    },
    {
      "p": 0.875,
      "s100": 1.4022798315656897,
      "s15": 1.3748449744357873
    },
    {
      "p": 0.9,
      "s100": 1.4022798315656897,
      "s15": 1.3748449744357873
    },
    {
      "p": 0.925,
      "s100": 1.4022798315656897,
      "s15": 1.3748449744357873
    },
    {
      "p": 0.95,
      "s100": 1.4022798315656897,
      "s15": 1.3748449744357873
    },
    {
      "p": 0.975,
      "s100": 1.4022798315656897,
      "s15": 1.3748449744357873
    },
    {
      "p": 1.0,
      "s100": 1.4022798315656897,
      "s15": 1.3748449744357873
    }
  ]
}