{
  "dump": "revision_runs\\runA_gap.jsonl",
  "mode": "gap",
  "n_cases": 100,
  "median_rt": 49.29,
  "s100_actual_from_log": null,
  "replay_mismatches": 0,
  "max_cost_check_delta": 0.0012453582326639179,
  "s100": {
    "raw": 1.425507269208535,
    "gap_030": 1.4022798315656897,
    "oracle": 1.4022783352303192
  },
  "s15": {
    "raw": 1.4039724455013338,
    "gap_030": 1.3748449744357873,
    "oracle": 1.3748429238756306
  },
  "wilcoxon": {
    "stat": 30.0,
    "p": 3.701643436215818e-09,
    "n_nonzero": 40
  },
  "bootstrap_delta_s100": {
    "mean": 0.03188643351000044,
    "ci95": [
      6.517574319178654e-05,
      0.1331728313075104
    ]
  },
  "calibration": {
    "rho_raw_dit": {
      "n": 1620,
      "mean": 1.0677352591186224,
      "std": 0.10764025711486096,
      "min": 0.7756647739845361,
      "q25": 0.9882900567949495,
      "median": 1.0547374268824754,
      "q75": 1.1501394427970342,
      "max": 1.4794539558715032
    },
    "rho_raw_classical": {
      "n": 3189,
      "mean": 0.9583671028482773,
      "std": 0.07544912139131921,
      "min": 0.6071301052828695,
      "q25": 0.9153968321974825,
      "median": 0.9560038902777472,
      "q75": 1.0022024241463034,
      "max": 1.6075351977566346
    },
    "rho_gap_dit": {
      "n": 1620,
      "mean": 1.0128530342247277,
      "std": 0.022425713394986106,
      "min": 0.8694183594150174,
      "q25": 1.0021732214093422,
      "median": 1.011645562055255,
      "q75": 1.0262954684073904,
      "max": 1.1034822161542428
    },
    "rho_gap_classical": {
      "n": 3189,
      "mean": 0.9924329693352409,
      "std": 0.021296493666920255,
      "min": 0.869460373897915,
      "q25": 0.9836826450432976,
      "median": 0.9965280675785553,
      "q75": 1.0052239008539623,
      "max": 1.095405400245892
    }
  },
  "tau": {
    "raw": {
      "n": 100,
      "mean": 0.7618875686432365,
      "std": 0.10697981890625774,
      "min": 0.5367329299913569,
      "q25": 0.6897777777777778,
      "median": 0.776888888888889,
      "q75": 0.8246135056931343,
      "max": 0.9680000000000001
    },
    "gap": {
      "n": 100,
      "mean": 0.9339007009935933,
      "std": 0.04523610134355595,
      "min": 0.704888888888889,
      "q25": 0.9103671497584541,
      "median": 0.9407537594106643,
      "q75": 0.9670816115702479,
      "max": 1.0
    },
    "top1_raw": 0.54,
    "top1_gap": 0.87
  },
  "epsilon": {
    "eps_h": {
      "n": 100,
      "mean": 1.294849522058727,
      "std": 0.3746733453200317,
      "min": 0.4558081244359844,
      "q25": 1.0110634749973348,
      "median": 1.2990100452344033,
      "q75": 1.5121287844937399,
      "max": 2.3807270130810987
    },
    "eps_a": {
      "n": 100,
      "mean": 0.63469224614771,
      "std": 0.23127926663271606,
      "min": 0.2823031864078487,
      "q25": 0.43319868859984056,
      "median": 0.5982637194887112,
      "q75": 0.8296663337721404,
      "max": 1.1669367604316925
    }
  },
  "sweep": [
    {
      "p": 0.0,
      "s100": 1.4022783360429507,
      "s15": 1.3748429238769733
    },
    {
      "p": 0.025,
      "s100": 1.4022783360429507,
      "s15": 1.3748429238769733
    },
    {
      "p": 0.05,
      "s100": 1.4022783360429507,
      "s15": 1.3748429238769733
    },
    {
      "p": 0.075,
      "s100": 1.4022783360429507,
      "s15": 1.3748429238769733
    },
    {
      "p": 0.1,
      "s100": 1.4022798315656897,
      "s15": 1.3748449744357873
    },
    {
      "p": 0.125,
      "s100": 1.4022798315656897,
      "s15": 1.3748449744357873
    },
    {
      "p": 0.15,
      "s100": 1.4022798315656897,
      "s15": 1.3748449744357873
    },
    {
      "p": 0.175,
      "s100": 1.4022798315656897,
      "s15": 1.3748449744357873
    },
    {
      "p": 0.2,
      "s100": 1.4022798315656897,
      "s15": 1.3748449744357873
    },
    {
      "p": 0.225,
      "s100": 1.4022798315656897,
      "s15": 1.3748449744357873
    },
    {
      "p": 0.25,
      "s100": 1.4022798315656897,
      "s15": 1.3748449744357873
    },
    {
      "p": 0.275,
      "s100": 1.4022798315656897,
      "s15": 1.3748449744357873
    },
    {
      "p": 0.3,
      "s100": 1.4022798315656897,
      "s15": 1.3748449744357873
    },
    {
      "p": 0.325,
      "s100": 1.4022798315656897,
      "s15": 1.3748449744357873
    },
    {
      "p": 0.35,
      "s100": 1.4022798315656897,
      "s15": 1.3748449744357873
    },
    {
      "p": 0.375,
      "s100": 1.4022798315656897,
      "s15": 1.3748449744357873
    },
    {
      "p": 0.4,
      "s100": 1.4022798315656897,
      "s15": 1.3748449744357873
    },
    {
      "p": 0.425,
      "s100": 1.4022798315656897,
      "s15": 1.3748449744357873
    },
    {
      "p": 0.45,
      "s100": 1.4022798315656897,
      "s15": 1.3748449744357873
    },
    {
      "p": 0.475,
      "s100": 1.4022798315656897,
      "s15": 1.3748449744357873
    },
    {
      "p": 0.5,
      "s100": 1.4022798315656897,
      "s15": 1.3748449744357873
    },
    {
      "p": 0.525,
      "s100": 1.4022798315656897,
      "s15": 1.3748449744357873
    },
    {
      "p": 0.55,
      "s100": 1.4022798315656897,
      "s15": 1.3748449744357873
    },
    {
      "p": 0.575,
      "s100": 1.4022798315656897,
      "s15": 1.3748449744357873
    },
    {
      "p": 0.6,
      "s100": 1.4022798315656897,
      "s15": 1.3748449744357873
    },
    {
      "p": 0.625,
      "s100": 1.4022798315656897,
      "s15": 1.3748449744357873
    },
    {
      "p": 0.65,
      "s100": 1.4022798315656897,
      "s15": 1.3748449744357873
    },
    {
      "p": 0.675,
      "s100": 1.4022798315656897,
      "s15": 1.3748449744357873
    },
    {
      "p": 0.7,
      "s100": 1.4022798315656897,
      "s15": 1.3748449744357873
    },
    {
      "p": 0.725,
      "s100": 1.4022798315656897,
      "s15": 1.3748449744357873
    },
    {
      "p": 0.75,
      "s100": 1.4022798315656897,
      "s15": 1.3748449744357873
    },
    {
      "p": 0.775,
      "s100": 1.4022798315656897,
      "s15": 1.3748449744357873
    },
    {
      "p": 0.8,
      "s100": 1.4022798315656897,
      "s15": 1.3748449744357873
    },
    {
      "p": 0.825,
      "s100": 1.4022798315656897,
      "s15": 1.3748449744357873
    },
    {
      "p": 0.85,
      "s100": 1.4022798315656897,
      "s15": 1.3748449744357873
    },
    {
      "p": 0.875,
      "s100": 1.4022798315656897,
      "s15": 1.3748449744357873
    },
    {
      "p": 0.9,
      "s100": 1.4022798315656897,
      "s15": 1.3748449744357873
    },
    {
      "p": 0.925,
      "s100": 1.4022798315656897,
      "s15": 1.3748449744357873
    },
    {
      "p": 0.95,
      "s100": 1.4022798315656897,
      "s15": 1.3748449744357873
    },
    {
      "p": 0.975,
      "s100": 1.4022798315656897,
      "s15": 1.3748449744357873
    },
    {
      "p": 1.0,
      "s100": 1.4022798315656897,
      "s15": 1.3748449744357873
    }
  ]
}