{
  "dump": "revision_runs\\runE_raw.jsonl",
  "mode": "raw",
  "n_cases": 100,
  "median_rt": 50.68,
  "s100_actual_from_log": null,
  "replay_mismatches": 0,
  "max_cost_check_delta": 0.0015978457822534153,
  "s100": {
    "raw": 1.4255072692085322,
    "gap_030": 1.4022798315656866,
    "oracle": 1.4022783352303163
  },
  "s15": {
    "raw": 1.4039724455013338,
    "gap_030": 1.3748449744357873,
    "oracle": 1.3748429238756306
  },
  "wilcoxon": {
    "stat": 32.0,
    "p": 1.2573764252010733e-09,
    "n_nonzero": 42
  },
  "bootstrap_delta_s100": {
    "mean": 0.03188643351000019,
    "ci95": [
      6.51757431915645e-05,
      0.13317283130751018
    ]
  },
  "calibration": {
    "rho_raw_dit": {
      "n": 1624,
      "mean": 1.0668915433576809,
      "std": 0.10791970100027481,
      "min": 0.7496434803795418,
      "q25": 0.9810143650727003,
      "median": 1.0537228779674739,
      "q75": 1.1489369527444748,
      "max": 1.48810567978243
    },
    "rho_raw_classical": {
      "n": 3193,
      "mean": 0.9584730324831271,
      "std": 0.07743456759991252,
      "min": 0.5935171118708025,
      "q25": 0.9157727390186883,
      "median": 0.9555167853155243,
      "q75": 1.00237502315255,
      "max": 1.620563013093455
    },
    "rho_gap_dit": {
      "n": 1624,
      "mean": 1.012632010623073,
      "std": 0.022195876232210424,
      "min": 0.8588165196220843,
      "q25": 1.0006942273799093,
      "median": 1.0114752916323047,
      "q75": 1.0254219635516906,
      "max": 1.1017087817822897
    },
    "rho_gap_classical": {
      "n": 3193,
      "mean": 0.9924902199918779,
      "std": 0.02154617992825423,
      "min": 0.8589994576264852,
      "q25": 0.9843623211901474,
      "median": 0.996546755643797,
      "q75": 1.0054738962843057,
      "max": 1.1017087817822897
    }
  },
  "tau": {
    "raw": {
      "n": 100,
      "mean": 0.7639784589575559,
      "std": 0.09693930323139363,
      "min": 0.5226480836236934,
      "q25": 0.7004246777611576,
      "median": 0.7802824826537402,
      "q75": 0.8348251151291626,
      "max": 0.9799777530589544
    },
    "gap": {
      "n": 100,
      "mean": 0.9354975307121772,
      "std": 0.04458441587710032,
      "min": 0.7751994198694705,
      "q25": 0.9130351995079484,
      "median": 0.943644869750133,
      "q75": 0.9674768392370574,
      "max": 1.0
    },
    "top1_raw": 0.54,
    "top1_gap": 0.88
  },
  "epsilon": {
    "eps_h": {
      "n": 100,
      "mean": 1.2916072136256531,
      "std": 0.3694803679405053,
      "min": 0.4558081244359844,
      "q25": 1.0078194810918577,
      "median": 1.2512200006999492,
      "q75": 1.5078067276435494,
      "max": 2.3161780099026394
    },
    "eps_a": {
      "n": 100,
      "mean": 0.635023296431064,
      "std": 0.23426354273416017,
      "min": 0.2823031864078487,
      "q25": 0.4220003938722755,
      "median": 0.5838077594669825,
      "q75": 0.8205001624268287,
      "max": 1.1669367604316925
    }
  },
  "sweep": [
    {
      "p": 0.0,
      "s100": 1.4022783360429478,
      "s15": 1.3748429238769733
    },
    {
      "p": 0.025,
      "s100": 1.4022783360429478,
      "s15": 1.3748429238769733
    },
    {
      "p": 0.05,
      "s100": 1.4022783360429478,
      "s15": 1.3748429238769733
    },
    {
      "p": 0.075,
      "s100": 1.4022783360429478,
      "s15": 1.3748429238769733
    },
    {
      "p": 0.1,
      "s100": 1.4022798315656866,
      "s15": 1.3748449744357873
    },
    {
      "p": 0.125,
      "s100": 1.4022798315656866,
      "s15": 1.3748449744357873
    },
    {
      "p": 0.15,
      "s100": 1.4022798315656866,
      "s15": 1.3748449744357873
    },
    {
      "p": 0.175,
      "s100": 1.4022798315656866,
      "s15": 1.3748449744357873
    },
    {
      "p": 0.2,
      "s100": 1.4022798315656866,
      "s15": 1.3748449744357873
    },
    {
      "p": 0.225,
      "s100": 1.4022798315656866,
      "s15": 1.3748449744357873
    },
    {
      "p": 0.25,
      "s100": 1.4022798315656866,
      "s15": 1.3748449744357873
    },
    {
      "p": 0.275,
      "s100": 1.4022798315656866,
      "s15": 1.3748449744357873
    },
    {
      "p": 0.3,
      "s100": 1.4022798315656866,
      "s15": 1.3748449744357873
    },
    {
      "p": 0.325,
      "s100": 1.4022798315656866,
      "s15": 1.3748449744357873
    },
    {
      "p": 0.35,
      "s100": 1.4022798315656866,
      "s15": 1.3748449744357873
    },
    {
      "p": 0.375,
      "s100": 1.4022798315656866,
      "s15": 1.3748449744357873
    },
    {
      "p": 0.4,
      "s100": 1.4022798315656866,
      "s15": 1.3748449744357873
    },
    {
      "p": 0.425,
      "s100": 1.4022798315656866,
      "s15": 1.3748449744357873
    },
    {
      "p": 0.45,
      "s100": 1.4022798315656866,
      "s15": 1.3748449744357873
    },
    {
      "p": 0.475,
      "s100": 1.4022798315656866,
      "s15": 1.3748449744357873
    },
    {
      "p": 0.5,
      "s100": 1.4022798315656866,
      "s15": 1.3748449744357873
    },
    {
      "p": 0.525,
      "s100": 1.4022798315656866,
      "s15": 1.3748449744357873
    },
    {
      "p": 0.55,
      "s100": 1.4022798315656866,
      "s15": 1.3748449744357873
    },
    {
      "p": 0.575,
      "s100": 1.4022798315656866,
      "s15": 1.3748449744357873
    },
    {
      "p": 0.6,
      "s100": 1.4022798315656866,
      "s15": 1.3748449744357873
    },
    {
      "p": 0.625,
      "s100": 1.4022798315656866,
      "s15": 1.3748449744357873
    },
    {
      "p": 0.65,
      "s100": 1.4022798315656866,
      "s15": 1.3748449744357873
    },
    {
      "p": 0.675,
      "s100": 1.4022798315656866,
      "s15": 1.3748449744357873
    },
    {
      "p": 0.7,
      "s100": 1.4022798315656866,
      "s15": 1.3748449744357873
    },
    {
      "p": 0.725,
      "s100": 1.4022798315656866,
      "s15": 1.3748449744357873
    },
    {
      "p": 0.75,
      "s100": 1.4022798315656866,
      "s15": 1.3748449744357873
    },
    {
      "p": 0.775,
      "s100": 1.4022798315656866,
      "s15": 1.3748449744357873
    },
    {
      "p": 0.8,
      "s100": 1.4022798315656866,
      "s15": 1.3748449744357873
    },
    {
      "p": 0.825,
      "s100": 1.4022798315656866,
      "s15": 1.3748449744357873
    },
    {
      "p": 0.85,
      "s100": 1.4022798315656866,
      "s15": 1.3748449744357873
    },
    {
      "p": 0.875,
      "s100": 1.4022798315656866,
      "s15": 1.3748449744357873
    },
    {
      "p": 0.9,
      "s100": 1.4022798315656866,
      "s15": 1.3748449744357873
    },
    {
      "p": 0.925,
      "s100": 1.4022798315656866,
      "s15": 1.3748449744357873
    },
    {
      "p": 0.95,
      "s100": 1.4022798315656866,
      "s15": 1.3748449744357873
    },
    {
      "p": 0.975,
      "s100": 1.4022798315656866,
      "s15": 1.3748449744357873
    },
    {
      "p": 1.0,
      "s100": 1.4022798315656866,
      "s15": 1.3748449744357873
    }
  ]
}